source,keyword,title,category,up_datetime,content,url
Udn,公投綁大選,侯友宜改變態度提重啟核四 林姿妙：沒有回應,要聞,2023-08-09 16:41:50,國民黨總統參選人侯友宜今天提出能源政策，若當選總統將重啟核四，與她2021年公投時的立場相反；同樣在公投時反對重啟核四的宜蘭縣長林姿妙，今天面對侯友宜提出重啟核四，只回以四字：「沒有回應」。侯友宜今天公布能源政策，表示將延役核一、核二、核三，並邀請專家學者成立「核四總體安全審查委員會」，檢修核四現有機組，在安全無虞的情況下，重啟核四；侯說，重啟核電、核電廠延役是國際趨勢，台灣要回到理性專業討論，不要老是說政治。回到2021年底，四大公投「重啟核四」、「反萊豬進口」、「公投綁大選」、「珍愛藻礁」，國民黨主張「四個同意」，但時任新北市長的侯友宜卻與黨中央唱反調，表示不支持重啟核四；當時林姿妙在議會接受質詢，同樣持反對態度，「為了縣民健康，反對在沒安全前提下商轉核四」。如今侯友宜改變態度，宣布若當選將重啟核四；林姿妙僅表示，「沒有回應」。國民黨總統參選人侯友宜提出將重啟核四，2021年時反對重啟核四的宜蘭縣長林姿妙僅表示，「沒有回應」。本報資料照 2024選舉2024總統選舉侯友宜核四核電55Playback speed1x NormalBack0.25x0.5x1x Normal1.5x2x/SkipAds by 😬 郭台銘宣布參選總統 與侯柯都「不自認是老二」未來如何整合？,https://udn.com/news/story/123307/7358007
Udn,公投綁大選,轟民進黨DNA早已突變 游淑慧點出這四項批說一套做一套,要聞,2023-05-23 16:16:05,2024選戰開打，國民黨北市議員游淑慧今天在臉書表示，副總統賴清德這幾天口口聲聲說：「民主自由不是國民黨的DNA」，但老百姓都看得出來民進黨的DNA已經突變了。民進黨自稱他們有民主自由DNA，但「嘴巴說一套，做的是另外一套」，隨便都能舉出幾個案例。游淑慧也在臉書點出四點，包括干預學術自由、干預言論自由、干預新聞自由、沒收公投。游說，民進黨干預學術自由，2018年1月5日台大校長遴選，管中閔當選台大校長，但幾日後，教育部指出該案有瑕疵，拒絕發給聘書，衍生出一連串關於校長遴選制度及學術自主的爭議。另外，民進黨干預言論自由，只要政府機構認為傳遞的資訊對他們不利，就會被政府提告散播不實訊息，動輒法辦民眾企圖製造綠色恐怖。還有干預新聞自由，中天新聞申請換發證照時，號稱獨立機關的NCC用先射箭再畫靶的方式，不給中天換照。後續法院判決中天勝訴，還給中天新聞公道，但中天新聞已經回不到有線電視台了。第四是沒收公投，2016年民進黨取得完全執政後，將公投門檻降低，並將「公投綁大選」入法並三讀通過。游淑慧說，2018年民進黨支持的公投皆以大敗收場，於是民進黨以公投綁大選會造成選務困難，於是在2019年修法通過，規定公投必須要與大選脫鉤，再度把公投鎖回鐵籠內。民進黨政府各種昨是今非，他們的DNA早已突變，現在的民進黨已經不是過去的樣子，「清廉、勤政、愛鄉土」已經淪為口號。游提到，民進黨的老黨員對黨內改革失望透頂，像是前縣長蘇煥智、及前立委郭正亮，只能離開黨內尋求體制外的方式，挽救他們回憶中的民進黨。大選快報 ▪不斷更新／2024立委大選！看選區範圍、各政黨提名名單 2024大選立委選舉😬 郭台銘宣布參選總統 與侯柯都「不自認是老二」未來如何整合？,https://udn.com/news/story/123475/7184919
Udn,公投綁大選,張亞中喊當總統打造台灣成「非戰和平區」 做不到就辭,要聞,2023-04-16 15:18:35,孫文學校總校長今天舉行「明天以後：治國理念政策說明會」，針對兩岸和平，張亞中表示，他當選總統後，要將台灣定位成「非戰和平區」，邀請美國總統拜登和中國大陸國家主席習近平一起來舉辦高峰會。並在全民的同意（公投）下簽屬和平協議，台灣是青天白日滿地紅、不是「滿地雷」，絕對不能成為軍火庫；如果他2026年做不到讓台灣成為非戰和平區，就會引咎辭職讓副總統接位。張亞中表示，溝通才能夠避戰，和平才能夠止戰，明年的總統必須要有能力和北京溝通。對北京來說，九二共識是兩岸和平的基礎，要談兩岸和平就不能迴避九二共識。張亞中提出「九二理解」，他認為比「九二共識」更合適。因為一中各表在大陸並沒有共識，大陸對我們所主張的各表只是尊重，並沒有同意。堅持一個中國是原則問題，謀求國家統一是目標，但九二共識並不能解決兩岸的政治難題，只能解決事務性問題，兩岸內戰還沒結束，無法創造真正的和平。張亞中認為，如果國民黨死抱著九二共識、一中各表不放，就只能處理事務性的問題；如果國民黨和民進黨一樣也質疑和否定九二共識，那未來在兩岸關係中沒有角色，大家也不必再指望國民黨。如果他成為總統，會把台灣定位成「非戰和平區」，不只不做強權的棋子，也不做強權的棋盤。張亞中也提出四項承諾，第一，承諾台灣不分裂整個中國；第二，認同台灣人也是中國人；第三，不讓台灣成為外國軍事基地；第四，只有在自我防衛時才使用武力。以上都遵照中華民國憲法而行，此外，張亞中表示，他擔任總統，將提出未來行政院長的任命，必須經過立法院同意的修憲案，並將公投綁大選，回歸責任政治。他會邀請朝野政黨研商修憲方案，包括總統大選要採「二輪投票制」，讓最終當選者有過半數的民意基礎，也可以減少各參選人的勾心鬥角，有效提升國家和諧。張亞中也說，他要讓監察院和考試院的功能得到最大的發揮，將廉政署併入監察院、人事行政局納入考試院，並休憲明定監察院長、副院長不能和執政黨同一個黨派。另外，退休的政務官，他會發一張承諾書給他們，要承諾自己的國家是中華民國，才能夠領退休金。 2024大選張亞中九二共識國民黨😬 郭台銘宣布參選總統 與侯柯都「不自認是老二」未來如何整合？,https://udn.com/news/story/123307/7101591
Udn,公投綁大選,消失的選票／府院黨大軍壓境 選民教訓民進黨,要聞,2022-12-08 03:55:04,九合一選舉，民進黨檢討敗選原因直指策略錯誤。不過，學者指出，民進黨選戰初期「全黨挺一人」，後期「全黨打一人」，把國家機器變成政黨機器、選舉機器；府院黨大軍壓境，形成一場不對稱的戰爭，但選舉結果證實，四年前民眾「討厭民進黨」，今年則用選票「教訓民進黨」。完全執政完全鴨霸 人民反感九合一選前倒數一個月，民進黨主席蔡英文在中常會召開「反黑金」記者會，綠營鎖定苗栗縣、南投縣以及宜蘭縣，全黨高喊「終結黑金、贏回正義」，執政黨還發動負面攻擊廣告，毫不掩飾將在野黨對手貼上黑金標籤；結果民進黨三縣市全倒，顯然選民並不認為「正義」在民進黨這一邊，只能用選票來對抗完全鴨霸的執政黨。高端疫苗爭議吵翻天之際，衛福部長薛瑞元、指揮官王必勝竟夜會民進黨台北市長候選人陳時中，地點就在陳時中競選總部，完全不避諱瓜田李下之嫌；相較於陳時中集三千寵愛於一身，在野黨候選人高虹安、鍾東錦、張善政卻如同「萬箭穿心」，原本應該受監督的國家機器，卻反過來霸凌在野黨。部會宛如執政打手 追殺對手六年完全執政似乎讓蔡政府完全麻木，民進黨權力一把抓，加上親綠側翼推波助瀾，形成「從球員、裁判到球評都是我的人」亂象。面對國家機器追殺，鍾東錦痛斥，民進黨就像政治流氓，踐踏司法、指揮媒體辦案；民眾黨主席柯文哲也說，國家機器動得太厲害，對高虹安抄家滅族，勢必引起人民反感。國民黨中央公布民進黨「選舉奧步」，濫用國家機器居首位，衛福部、中選會、ＮＣＣ宛如執政黨打手，掩護陳時中選情、取消確診者投票權、護航親綠媒體等，蔡英文總統和行政院長蘇貞昌再從旁助攻，形同國家機器一手輔選自家候選人，另一手則打壓對手，全民都有目共睹。前副總統呂秀蓮昨說重話表示，「公投綁大選」是民進黨核心主張，去年被民進黨主導的立法院脫鈎，但這次為了爭取年輕選票，卻又推出修憲公投案，「如此出爾反爾，別以為選民都得了失憶症」；她也特別指出年輕選民的政治覺醒，可能是政黨輪替的警訊。政大法律系副教授廖元豪指出，民進黨把國家機器變成選舉機器、黨機器，民眾上網批評政府，動輒被網軍側翼出征、用社維法移送，讓人民心生恐懼；但人民眼睛是雪亮的，上次「韓流」是民眾討厭民進黨，這次是民眾忍無可忍，要教訓民進黨。台師大政研所教授曲兆祥說，今年選戰初期，新竹市前市長林智堅論文抄襲案爆發，後期高虹安被一路追打，兩人成為全國焦點，影響地方選舉，相當罕見。蔡英文下令全黨挺林，卻踢到台大鐵板，選後連桃園市長鄭文燦、立委蔡適應的學位都被撤銷；高虹安被控用公帑出國拿學位的爭議，讓大家看見民進黨為了政治目的，要資策會做出不利陳述。每次選舉，候選人常濫開支票，尤其中央大撒幣政策更浮濫。曲兆祥指出，藍綠競開選舉支票，選民應該理性思考，熱鬧煙花過後，留下來的是財政斥字和負債。 民進黨😬 郭台銘宣布參選總統 與侯柯都「不自認是老二」未來如何整合？,https://udn.com/news/story/121130/6822723
Udn,公投綁大選,不到3年300萬人背棄蔡英文 呂秀蓮：慎防執政土石流迎面而來,要聞,2022-12-07 14:44:20,民進黨在2022年九合一大選慘敗，拿下創黨以來最差成績，總統蔡英文也辭去黨主席一職。對此，前副總統呂秀蓮今（7）日在臉書上發文，直言「水能載舟，也能覆舟，民進黨必須盡速有效危機處理，慎防執政的土石流迎面而來」。呂秀蓮今日在臉書上發文，她提到這次九合一選舉，執政的民進黨由3都4縣變成2都3縣，執政版圖侷限在濁水溪以南，人口只佔全國6都16縣市的4分之1。她透露有些親綠朋友認為2018年民進黨在地方選輸國民黨，但2020年蔡英文卻贏得817萬票而自我安慰，認為不影響2024年，「但別忘了2019年香港反中運動促成台灣人『抗中保台』意識，尤其年輕選民的政治覺醒；更別忘了歷年來台灣選舉的政黨輪替有其『軌跡』」。呂秀蓮指出在總統大選勝利的政黨，往往在隨後的地方選舉敗選，稱作「鐘擺效應」，第一任執政時還不致影響連任，但若是第二任，往往預告政黨可能會流失。2005年縣市長選舉，民進黨從9縣市掉到6縣市，不久後由國務機要費衍生的紅衫軍事件就讓民進黨失去政權；2008到2016年馬英九執政，也因2014年縣市長選輸而讓蔡英文當選2016年總統。「所謂木腐而蟲生，3年前817萬人投給蔡英文，為何短短3年不到，就有300多萬人背棄呢？」呂秀蓮認為民進黨若不深切反省並且改過自新，老是用「世代交替」將責任推給前輩，或仍然派系算計，只會讓人民更加嫌惡。呂秀蓮坦言敗選以來，蔡英文只辭掉黨主席卻慰留行政院長，只「致意」卻從未「道歉」，而且仍在幕後操控人事安排，「鄭文燦與蔡適應兩位小英當紅的男孩因論文抄襲而紛紛中箭，恐怕只是執政土石流的前兆而已，選後一周雖召開高層敗選檢討，但予人不痛不癢，不疾不徐的感覺」。呂秀蓮表示她基於「愛之深，責之切」的初衷，發表民進黨為何敗選4大主因，分別是「黨紀崩壞、黨德淪喪、執政傲慢又失能、陷台灣於戰爭邊緣」，但親綠人士及民進黨黨政要員則置若罔聞，只拚命找「戰犯」或避重就輕搪塞了事。反倒是理應不介入內政的美國在台協會（AIT）處長孫曉雅正式召開記者會，公開表示「美國會與任何台灣民選代表合作，不論哪個政黨當選」，明知這次只是地方公職選舉，孫曉雅這話是否「超前」示好？呂秀蓮談到「公投綁大選」是民進黨的核心主張，去年被立法院脫鈎，然而這次為了爭取年輕選票，卻又利用選舉推出降低投票年齡的修憲公投案，「如此出爾反爾，別以為選民都得了失憶症」。此外，她說「維護治安，保障人權」更是民進黨的使命，反對黑金政治尤其是神主牌，但包括台南88槍擊案、詐騙集團豬仔事件，蔡英文和蘇貞昌不聞不問，「人民看在眼裡，恨在心裡」。在貼文的最後，呂秀蓮寫道「別忘了陳水扁和馬英九前兩任總統執政最後一年的難堪處境，幾乎走到哪裡，人民反對到哪裡。水能載舟，也能覆舟，民進黨必須盡速有效危機處理，慎防執政的土石流迎面而來」。 民進黨蔡英文呂秀蓮2022大選55Playback speed1x NormalBack0.25x0.5x1x Normal1.5x2x00:00/03:49SkipAds by 😮 行動電源充電時爆炸！台電提「3不3要」充電守則 照著做就安心,https://udn.com/news/story/121130/6821077
Udn,公投綁大選,各黨力推18歲公投 反對意見仍暗地動員,要聞,2022-11-23 18:55:40,「18歲的孩子沒有多少社會經驗，很容易被同儕左右」、「公投只要同意票大於反對票就會通過，一定要投不同意！」立法院曾以跨黨派109比0通過降低選舉與被選舉權至18歲的修憲案，蔡總統也下達黨內動員令力挺18歲公投案，顯示藍綠都有共識，但網路上流傳相當多真真假假的反對訊息，即使中選會已多次澄清，耳語仍未停歇。全民真有共識？立法院3月以109比0的跨黨派共識，通過18歲公民權修憲案，將選舉、罷免、創制、複決、參加公投的年齡從20歲調整為18歲，被選舉權也調整為18歲。蔡總統特別在去年全代會與今年多場中常會中，下達黨內動員令力挺18歲公投案，要求黨公職在競選活動一定要宣傳18歲公民權，並掛設相關宣傳看板。另外，國民黨許多年輕黨代表也召開記者會，呼籲支持者在18歲公民權案投同意票，各黨都對這項議題表達大力支持的味道。但網路上仍盛傳反對18歲公民權的訊息，包括「18歲的孩子沒有多少社會經驗，容易被同儕左右」、「同意票大於反對票就會通過」等，對此，中選會也曾澄清，修憲公投與《公投法》第29條的公投門檻不同，需要961萬人投同意票才能通過；另外，就算複決案通過，參選總統副總統、直轄市首長與鄉鎮首長仍有其他法規限制年齡，參選立委也需按照選罷法規定，必須年滿23歲，但耳語依然在傳送。反對暗流不小主要是民進黨在去年底的4大公投中，將公投與大選脫勾，如今又將修憲公投綁大選，引發外界質疑民進黨雙標，也有民眾因此暗暗推動拒領公投票。此外，本次修憲案公辦5場說明會，都沒有反方代表發言，也讓以核養綠公投領銜人黃士修痛批修憲無反面意見是「假民主」，讓看似無爭議的18歲公民權蒙塵。雖然18歲公民權獲得跨黨派的支持，但在對年輕人心智質疑、公投綁大選與無反方等爭議下，政府仍無法說服一些民眾投下同意票，許多對18歲公民權感到恐懼的民眾，反對訊息卻已經傳遍各大群組，顯得暗潮洶湧。【更多精采內容，詳見】 延伸閱讀 ▪【嘉義市長補選】黃敏惠破5萬票連任成功 將執政17年破紀錄 ▪【選戰數據】政黨版圖變化、地方勢力消長 看圖表迅速掌握新局 2022大選公投修憲😬 郭台銘宣布參選總統 與侯柯都「不自認是老二」未來如何整合？,https://udn.com/news/story/122682/6787612
Udn,公投綁大選,哈遠儀、戴立綱搭檔精解選戰　相識18年默契絕佳,噓！星聞,2022-11-23 15:42:03,九合一大選本週六登場，中視新聞全體總動員，從早上7點至晚間12點，中視新聞台會展開長達17小時的「九合一爭霸 開票看中視」不斷電報導，中視頻道則是從下午4點到晚上8點也會同步Live，全台各競選總部及指標性投開票所，新聞記者駐守採訪，棚內則由中視當家主播哈遠儀與戴立綱坐鎮解析開票戰況，並由報票經驗豐富的主播方彥迪負責即時報票。   26日下午4點，中視新聞主播哈遠儀、戴立綱聯手開票報導，兩人在2018年大選也曾合作過，加上私下兩人是好友，所以默契完全不是問題，哈遠儀也提到:「跟戴立綱認識18年，如果丟話給他，他一定接得住。」對於主持開票報導需長時間在攝影棚內，哈遠儀透露會準備保暖的小毯子，另外還有堅果、零食、喉糖等，隨時補充以維持最佳戰備狀態。   主播戴立綱對於選情也相當關注:「投票率會左右政治選情，尤其是六都!」。談及今年與2018年大選的差異，戴立綱分析:「2018公投綁大選，延遲投票左右到選舉結果，產生棄保效應，今年會在開票後盡快分析票面讓觀眾知道。」之前主持政論節目也曾一連錄好幾個小時，戴立綱對於開票報導，完全不擔心體力，只要有水就好，「因為我比較喜歡餓著肚子，不然頭腦會昏昏的。」 更多新聞報導遭日本海關扣留9小時挨轟「丟臉到國外」Lulu回應了《木曜4》集體離職 前員工揭導火線疑是「6月美國行」港姐亞軍遭爆「父母捲款逃香港」 暴哭吐心境恭喜！明道喜獲千金 曝溫馨父女相擁甜睡照「山道猴子」是親身經歷？作者不忍全說了 主播,https://stars.udn.com/star/story/10091/6787312
Udn,公投綁大選,大屋頂下／當然有妳的事 二○二四後的蔡英文,評論,2022-11-13 00:12:50,還有兩個星期，九合一選舉之後，台灣將立即進入二○二四總統大選的政治年，也就是到了蔡英文將結束兩屆八年總統任期退場的時間了。「二○二四年後就不是我的事了。」與李遠哲談能源政策時，蔡英文曾這麼說。非僅能源政策而已。二○二四年以前這兩屆八年，畢竟是蔡英文的事，責無旁貸；至於二○二四年後，若有遺愛是蔡英文之功，若有遺禍也罪無可逭，不能說「沒我的事了」。例如，兩岸關係。蔡英文在二○一六年首任前，兩岸關係曾達到馬習會的水準。但在今日蔡將離任之際，她似乎以操作「抗中保台」與「芒果乾」而沾沾自得；殊不知，因此已使兩岸關係陷於「只能仇恨／不能和平，只能衝突／不能互惠，只能零和／不能雙贏」的凶惡情境。這究竟是蔡英文在兩岸操作的成功或失敗？二○二四後的兩岸關係難道就沒有蔡英文的事了？比如說，賴清德可能是二○二四民進黨總統候選人，這有沒有蔡英文的事？在兩岸政策上，究竟將是蔡影響賴，還是賴影響蔡？賴清德說，他將延續蔡英文「四個堅持」的路線。不過，蔡英文只把話說到「中華民國與中華人民共和國互不隸屬」的地步，並未說「台灣與中國互不相屬」；但賴清德則逕稱「台獨就是指台灣不屬於中國的一部分」，並謂這是台灣社會的共識（語境與「台灣不屬於中華人民共和國的一部分」不同），愈描愈黑。這麼一來，蔡英文所作「中華民國不是台獨」的種種試探，已被賴清德轉化為「中華民國就是台獨」，或「四個堅持」就是「台獨」。賴清德說，他不會對「我是務實的台獨工作者」一說進行微調。但他卻將蔡英文的「四個堅持（中華民國與中華人民共和國互不隸屬）」，嫁接到他的「台灣不屬於中國的一部分」，因此也就將蔡英文歸類為一個「務實的台獨工作者」。這難道是蔡英文追求的歷史定位？類此，對於兩岸政策，蔡英文能說「二○二四後就不是我的事了」嗎？回頭說能源政策。世界經過這幾年的能源情勢衝擊，日、韓、德等反核標誌國家皆已大幅調整其非核或減核政策，韓國尹錫悅新政府甚至指其前任的脫核為「愚蠢」，歐洲則出現將核能視為「綠能」之議。可以這麼說，對於自給油氣能源短缺的國家而言，核能已被視為「經濟主權／能源主權」的重要組成部分。何況，非核政策對台灣尚至少有兩種特殊的影響：一、從戰爭面看，我是最早指出「非核不利台獨」者之一。民進黨的台獨政策趨向備戰或挑戰，卻以非核為目標，這不啻是自殺的路徑。此一觀點如今已成常識。二、從發展面看，台灣如今將高耗能的半導體業炒得如此火熱，能源供應如何解決？其實，台灣的安全依托，不止在留住半導體業，而更在促進加強台灣在各種可能方面的國際經濟鏈及供應鏈中的地位，朝向九○年代一度熱議的「亞太營運中心」那種概念發展，這個宏大的意圖更必須有穩靠的能源體系支撐。不可能廢核，但可討論配比。也就是說，不論戰爭或發展，二○二四後核能在台灣能源結構中的地位應當仍待斟酌，蔡英文說這不關她的事，卻必定仍是我們台灣大家的事。再談民主法治，這是最核心的問題。蔡英文喜以民主法治自誇，其實她卻是解嚴以來對民主法治摧殘最甚的政府，傷害到骨髓裡。教育部將蔡英文的教授升等檔案密存三十年，是典型事件。這是運用行政權的獨占地位，扭曲法律與制度的正當運作，完全輾壓民意對於公義的期待與追求。亦即：行政輾壓，踐踏民主。蔡政府的許多重大政治操作中，皆呈現這種幾乎一模一樣的模式。例如，設立促轉會及不當黨產會等機構，公開自詡為「東廠」。只呈現鞭屍蔣中正的民意，卻壓制了感懷其反共保台的民意，甚至篡改歷史。難道將中國「東亞化」及將台灣「南島化」是主流民意？又如，操控NCC，將傾藍媒體中天新聞台撤照是民意？百般扶持綠友友鏡電視是民意？或意欲將TVBS移頻是民意？又如，把持了教育部，卡管案擺明了就是要「黨與政」介入校園，這是民意？林智堅論文案，公然以政治權位糟蹋校園榮譽，這是民意？又如，衛福部盤踞了疫苗關卡，意欲炒作高端奇蹟，多方阻擾民間外購疫苗，甚至恐嚇「根本買不到」，這又是民意嗎？再如，玩弄體制，我可以公投綁大選，你不可以，這是不是民意？這些例證，皆與「封存蔡英文檔案三十年」完全一樣。用獨占的行政權輾壓一切，以「反蔣／反中／反中天／反核／卡管／挺林智堅／扶植高端」為「民主」，卻全力打壓與政權當局不同的民意。行政權如此囂張跋扈，被輾壓的民意及民主豈有活路？尤有甚者，形形色色的「標案」已成為蔡政府無孔不入的政治工具，大自高端「綁標」、蘇貞昌女蘇巧純的二三設計公司桃園市府標案，小到大港開唱、一四五○，處處可見「標案」聯結的「國庫通私庫」的食物鏈。蔡英文的「標案政治」已經將民進黨異化為一家「台獨公司」，政治也就日漸沉淪為浮士德化的骯髒產業了。台灣的民主法治異化到這種地步，民進黨又「標案化／台獨公司化」到這步田地，蔡英文留下了這樣的一個台灣，造就了這樣的一個民進黨，說得輕巧，「二○二四後就不是我的事了」？擔任兩屆八年總統，不可能像抹完嘴就扔掉一副免洗餐具。二○二四年後，蔡英文不論面對自己或面對台灣，當然都有她的事。言兩岸關係，李登輝和陳水扁卸任後，皆更倒向台獨，蔡英文是否也要跟隨賴清德作一個「務實的台獨工作者」？言台美關係，蔡英文難道決定要讓台灣作一隻美國刺蝟？言能源政策，蔡英文會不會等著讓時間來證明她的「愚蠢」？言民主法治，蔡英文要如何面對民進黨這個腐敗沉淪的「標案總部／台獨公司」？這更是個深到骨髓裡的問題。蔡英文卸任時留贈台灣的大禮，是讓青年回到一年的義務役。這個大禮，可謂總結了蔡英文八年來的方方面面。在送出這個最具標誌意義的大禮時，蔡英文也可以總結思考這八年的得失，以及二○二四年後的自己及台灣。許多事皆因妳而生，不會沒有妳的事。 蔡英文台獨民進黨😮 行動電源充電時爆炸！台電提「3不3要」充電守則 照著做就安心,https://udn.com/news/story/7339/6760830
Udn,公投綁大選,選戰觀察／鄭運鵬扯公投 打到「鄭績」痛處,要聞,2022-11-02 02:54:37,民進黨桃園市長候選人鄭運鵬搶先揭露台積電新廠計畫落腳龍潭，連兩天談到去年賣力宣講公投才有機會迎來設廠，但去年四大公投結果桃園全數同意，鄭運鵬意外打到桃園市長鄭文燦的痛處，再度提醒市民要保護藻礁的原因其實是「鄭績」不好；喚起公投印象，恐怕不利市長選情。鄭運鵬說，去年底四大公投他在最前線辯護，除了認為大潭電廠和第三天然氣接收站是正確的國家基礎建設，更知道有一天桃園需要充沛電力，讓半導體聚落更完整先進，因為公投守住，桃園才有迎來台積電的機會。去年四大公投，桃園正是藻礁公投連署發源地，發起人潘忠政直接檢驗鄭文燦海洋環境保育施政。雖然民進黨政府最後守住「四個不同意」，桃園卻意外「四個都同意」，顯示桃園的中間選民沒被說服，公投也成為對「鄭績」的另類不信任投票。鄭運鵬談台積電桃園設廠的前因是自己賣力守住公投，但桃園公投失利，鄭運鵬打臉自己表現，藍營更酸是「公投最差的辯護者」。鄭文燦不只顏面無光，公投前承諾設立大潭藻礁保護區，如今任期剩不到兩個月，「鄭績」恐面臨跳票。公投是九合一投票前最近一次的民意展現，桃園綠營各候選人至今不願重提公投大挫敗，除因紀錄難堪，若喚起中間選民印象對重啟核四、萊豬進口、公投綁大選和藻礁保育不力議題的印象，未必有利年底選舉，鄭運鵬卻「哪壺不開提哪壺」。公投結果也顯示，桃園市民有「類北市」傾向，判斷力和自主性愈來愈高。民進黨市長選舉訴求「疼惜鄭文燦、票投鄭運鵬」，問題是鄭文燦做得再好也得畢業，鄭運鵬是完全不同的人選，兩人如何畫上等號？中間選民若再來一次公投表現，下次被「疼惜」的對象就是鄭運鵬了。延伸閱讀 ▪【嘉義市長補選】黃敏惠破5萬票連任成功 將執政17年破紀錄 ▪【選戰數據】政黨版圖變化、地方勢力消長 看圖表迅速掌握新局 2022大選桃園市長潘忠政大潭藻礁鄭文燦鄭運鵬萊豬核四😬 郭台銘宣布參選總統 與侯柯都「不自認是老二」未來如何整合？,https://udn.com/news/story/122682/6732380
Udn,公投綁大選,游盈隆舉7鐵證：怎能說台灣民主沒倒退呢？,要聞,2022-10-26 09:13:14,台灣民意基金會董事長游盈隆昨天在臉書表示，日前美國國家民主基金會主席沃拉克訪台，對台灣做出了「民主卻沒有任何倒退衰亡」的溢美之詞；但在許多台灣人耳中，是聽不進去的，至少就包括了7大鐵證。游盈隆指出，首先為民主政治的必要條件是「政府必須回應人民的喜好」，但蔡政府在何種程度上回應了台灣人民的喜好？是一個大問號。舉一個例，近百分之九十台灣人期盼台灣加入或重返聯合國，蔡總統上任六年多，曾經在任何國內外場合大聲回應台灣人這項殷切的期望嗎？其他像司法改革、憲政改革廢考監、縮短貧富差距等等類似例子，不勝枚舉。怎能說台灣民主沒倒退呢？游盈隆表示，第二，蔡總統第二任期開始，修法廢除「公投綁大選」，嚴重限縮公投，傷害直接民主。如今，修憲公投又綁大選，形同只許州官放火，不許百姓點燈。游盈隆說，第三，蔡總統2019年民進黨總統黨內初選，公然恣意擅改既定遊戲規則，「博歹茭」取得提名權；2022年沒收初選，除屏東縣外，一手壟斷6都15縣市長提名權，扼殺黨內民主，進而傷害台灣政黨政治。游盈隆指出，第四，蔡總統第二任期，對媒體的干預、操控變本加厲，關中天、介入鏡電視申設等等，相關人士言之鑿鑿，寒蟬效應四處可見，第四權搖搖欲墜。游盈隆表示，第五，民主政府理應是透明化政府，政府政策形成、制訂與落實皆應相當程度透明化，接受監督，但這幾年蔡政府施政最被詬病之一就是缺乏透明化，近三年Covid-19疫苗政策與執行就是最好的例子。游盈隆說，第六，NCC是蔡政府重要的一環，行事作風卻爭議不斷，近期欲推「數位中介服務法」，輿情譁然，意圖管制、侵犯人民言論自由。游盈隆指出，第七，蔡總統任內，政府肆無忌憚強行納編民間農田水利會，強取人民財產，農民欲哭無淚，強烈反彈。毫無民意基礎的行政院「數位發展部」，總統說設就設，立法院儼然橡皮圖章，照案通過。憲政體制中最重要的權力分立與制衡蕩然無存。游盈隆表示，如果有人告訴沃拉克以上這些鐵的事實，很好奇他還會說台灣民主沒倒退嗎？游說，台灣民主的建立與鞏固是無數台灣仁人志士前仆後繼，失去自由、犧牲生命、奉獻青春歲月打造出來的，台灣人以台灣民主為榮為傲是必然的，因此更不能眼睜睜看著台灣民主嚴重倒退，而不發一語。 游盈隆😬 郭台銘宣布參選總統 與侯柯都「不自認是老二」未來如何整合？,https://udn.com/news/story/6656/6714882
Udn,公投綁大選,柯志恩前鎮盛興公園開講 「藍營戰神」羅智強助陣,要聞,2022-10-12 21:41:33,柯志恩陣營「廟口金能講」舞台車計畫，本周陸續前進路竹、前鎮、仁武區廟口和公園開講，和基層民眾搏感情，12日下午6點柯志恩先到文橫夜市掃街，7點30分再到前鎮區盛興公園開講，包括前北市議員羅智強、高雄市議長曾麗燕及前鎮、小港區議員蔡武宏均到場助講。晚會特別安排3名高雄青年開場，暢談北漂離鄉的無奈，以及對柯志恩改變高雄的期待，呼籲選民給柯志恩機會進市府為大家服務。不少民眾5點多就提早來占位子，開場時現場已有3百人，人氣不錯。柯志恩在台下一片凍蒜歡呼聲中上台，她幽默表示，看到滿滿支持者相當感動，要走下台看清楚大家，「竟然敢來柯志恩的場，不怕被查水表嗎？」現場哄堂大笑，柯志恩說，她前一天在路竹場說，20人的場子她也會去，現場看起來，4、5百人有了，只要是她可以服務到的選民，她一定到。今天賴清德去陳其邁的場子，有人問她要怎麼比，「沒問題啦，他們有賴神，我們有戰神，你們挺到底，柯志恩就拚到底！」柯志恩說，她來到高雄時間很短，930晚會後，她遇到的民眾都展現熱情比讚，「陳其邁從躺著選，已經可以站起來了！」我們場五百人，人家五千人，民進黨大軍輾壓下，我們比民心，比的是每個人對高雄需要改變，比的是高雄可以再創奇蹟的勇氣，「你們敢挺，我們就繼續拚，有你們當靠山，我們都不怕」。柯志恩更說，如果自己當市長，會感謝歷任市長對高雄貢獻，不是說有人落跑、沒誠信，只要奉獻過就要感謝，這才是做人的態度及溫暖呈現。她跟羅智強沒有資源，憑藉自己一雙腳、一張嘴，把所有的好告訴大家，這是代表新的中間力量，展現中道理性、值得信賴的力量。柯志恩說，南高雄對她這個屏東人來說，過去就是大都會，但20年過去，南高雄除了夢時代，許多商圈愈來愈沒落，這幾年來少了8萬人口，北高雄增加8萬人，為何這麼凋落？陳市長說兩年拚四年，我們年輕人有4萬人不見，前鎮小港區則少了1萬人，拚到人都不見了，這是怎麼一回事？南高雄要好，有不同做法，要有大建設，台北有台北、南港、板橋，高雄為何不能有第二座高鐵？柯志恩也說，大家都知道教育很重要，高雄市有雙港，高雄孩子應該比其他地方更有國際觀，雙語、科技教育要比別人好，今天高雄講S科技廊帶，就要好好把孩子從小培養，過去貧窮可以透過教育翻轉，但現在的孩子窮要窮三代，要改變趨勢，讓孩子知道努力有機會。她不會舉債蓋房子，會舉債為孩子，市長有分配權力，會把教育經費提高到四成，教育文化才是城市偉大的根源。羅智強致詞時直言，柯志恩旋風已成，「陳其邁已成強弩之末、民心思變，別再想躺著選！」柯智恩的誠意、苦行，一步一腳印，感動高雄朋友，坐在市府裡的陳其邁，無法面對有論述、有理想的柯志恩，只能用錢去砸大家。羅智強砲火全開，指柯志恩用能力說服大家，她是拚逆轉勝的女俠，陳其邁則是回力鏢王子，以前陳說過「萊豬進來、總統下台」，等到蔡英文當總統，萊豬進來，他就變成總統好棒，「這種人完全沒原則，就是一棵牆頭草、回力鏢」。羅又說，以前陳其邁堅決主張公投綁大選，等到民進黨當選，把公投做廢，現在就支持公投要拆大選。羅智強說，最近去環島，32天走了620百公里、78萬步，走到高雄時有很多感觸，大家最近關心自殺問題，很多高雄朋友因為經濟、家庭或種種因素做了悲傷選擇，但當我們討論問題希望政府解決，卻說不要操弄自殺議題。2011年時，陳其邁出來痛批馬政府不要講自殺通報率高低，通報數增加代表政府無能、人民愈來愈痛苦，他可以談自殺檢討馬政府，現在高雄市民生無可戀，市府卻說不要操弄自殺議題，還說2019和2021年比較，自殺率沒增加，但通報率增加三成，不是3%，如果照陳其邁講的邏輯，蔡英文也讓人民很痛苦，陳其邁要不要叫蔡英文下台？羅智強表示，像這樣沒有誠信和原則，在野說一套、執政說一套，民進黨能、你不能，這樣雙標的政客，要不要讓他下台？羅說，柯志恩就是赤腳小蝦米，沒資源沒財力，靠著堅實信念一步一腳印走在高雄做街頭演講，直接跟民眾訴求理念，他也是街講500場出來的，知道這相當辛苦，但民進黨那些肥貓和大鯨魚，完全不用面對民意，用錢砸就好；他要跟民進黨說，不要以為所有事情可以用權勢錢財威壓，人民眼睛還是雪亮的，即使民進黨不斷來威壓柯的聲勢，她的努力和誠意真心，還是喚起高雄人的心。羅智強說，第一，他已經發起「1126挺善良」運動，號召大家1126反惡霸，一起下架民進黨，也拜託大家讓柯志恩高票當選逆轉勝，第二，大家要讓國民黨議員全壘打，第三，他還要發起街頭一分鐘挺善良運動，大家回去錄一分鐘影片放在社群網站，最後請講「1126挺善良」，並請身邊朋友一起陸，他將點名張善政、柯志恩一起發起，廣召英雄豪傑上傳、分享，團結善良力量，下架民進黨。柯志恩12日晚間在前鎮區盛興公園開講，現場湧入4、5百人。圖／柯志恩競總提供柯志恩12日晚間在前鎮區盛興公園開講，羅智強助講，現場湧入4、5百人。圖／柯志恩競總提供延伸閱讀 ▪【嘉義市長補選】黃敏惠破5萬票連任成功 將執政17年破紀錄 ▪【選戰數據】政黨版圖變化、地方勢力消長 看圖表迅速掌握新局 2022大選九合一選舉高雄市長柯志恩羅智強😮 行動電源充電時爆炸！台電提「3不3要」充電守則 照著做就安心,https://udn.com/news/story/122682/6681888
Udn,公投綁大選,聯合報黑白集／知恥近乎勇，無恥呢？,評論,2022-10-04 05:16:01,蔡政府裡，諸多「獨立機關」展現「為黨效忠」前仆後繼，而中選會的表現始終不遜於其他「獨立機關」。中選會主委李進勇近日參加民進黨基隆市長參選人蔡適應的活動，更把「不中立」發揮到極致。遭質疑行政不中立後，中選會辯稱該活動非蔡適應主辦，李進勇是以「歷任基隆市長」身分與會。不料，採訪通知露餡，蔡適應確是主辦者之一。不中立在前，說謊在後，可說錯上加錯。更何況，即使蔡適應不是主辦人，宣稱已「暫時註銷黨籍」的李進勇，仍不忘情「前市長」身分，也絕對不妥。這並非單一事件。去年底四大公投，公投前幾天，李進勇一面宣示選務中立，一面說公投綁大選讓「選務人員沒死好加在」、「像颱風共伴效應」，說得好嚴重。但今年修憲複決，中選會卻決議綁大選。可以為黨自打嘴巴，中選會成了「忠犬會」。被提名中選會主委時，李進勇能否「獨立行使職權」，便遭質疑。除了曾為民進黨南征北討，李進勇獲得酬庸之多，也數罕見。歷任內政部、工程會、法務部、交通部次長、副主委，堪稱「全方位酬庸」。當上中選會主委，投桃報李，當然就不讓人意外。選舉在即，有這樣的心腹坐鎮中選會，蔡政府當然安心許多。這也就難怪網路流傳：「知恥近乎勇，無恥李進勇」。 中選會李進勇蔡適應選情評論2022大選😬 郭台銘宣布參選總統 與侯柯都「不自認是老二」未來如何整合？,https://udn.com/news/story/7338/6659739
Udn,公投綁大選,公民時事題／不同意票破400萬 四公投確定闖關失利,文教,2022-02-27 00:59:15,一、時事掃描：最終結果出爐／不同意票破400萬 四公投確定闖關失利四大公投開票結果出爐！核四重啟、禁止萊豬進口、公投綁大選與中油天然氣接收站遷離大潭藻礁四項的不同意票皆大過同意票數，因此四案結果皆不通過。【2021/12/18經濟日報】二、命題趨勢：公投與選舉制度是公社中相當重要的議題，其中選舉席次相關內容更是熱門考題。公民投票被認為是在補代議政治的不足，台灣也已舉辦多案，故考生可多加留意。三、牛刀小試：我國在2021年舉行關於「核四重啟」、「禁止萊豬進口」、「公投綁大選」與「中油天然氣接收站遷離大潭藻礁」等四項全國性公民投票，而投票結果皆未通過。請問：關於我國公民投票通過門檻的相關敘述下列何者正確？(A)我國公民投票是直接依同意與否的得票數多寡來決定通過與否(B)此四案未通過的原因是投票率並未超過所有投票權人數的半數(C)除同意票須大於不同意票外，同意票數也須達投票權人數的1/4(D)公民投票僅為民意探詢的性質，行政部門可自行決定是否執行解答：(C)解析：依我國《公投法》規定的通過門檻為有效同意票大於不同意票數，且有效同意票數須達投票權人總數的1/4以上。公投結果行政或立法機關皆須為必要之處置。四、歷年考古題:某國新政府上台後，為提升未來施政滿意度，決定實施全國民意調查，以瞭解該國公民是否支持重大政策法案立法前，應先舉行公民會議，以及公民是否願意參與會議。調查結果如下表：依據上述調查結果，該國多數受訪者對於公民會議的支持態度和參與意願，與下列哪項民主政治的理念最接近？(A)公民的角色在於參與定期選舉的投票，決定政黨輪替並避免產生政府專制(B)公民對公共政策進行對話討論，有助於改善代議制度並擴大參與決策機會(C)一般公民未必瞭解公共政策，多數決亦可能流於多數暴力而傷害決策品質(D)公共政策由公民投票決定，既可以避免菁英壟斷也是民主政治的最佳形式答案：(B)【文教熱話題】 ▪ 青少年的網路世界：「數位原生世代」問卷填答 快來分享你的看法！ ▪ 整理包／112年升大學分科測驗 7科完整試題與解答 ▪ 分科測驗／紅利不再！補教估台大醫284級分 缺額校系可這樣選填 ▪ 分科化學／考生嘆不易！非選題計算多 高中師指「這1題」有爭議 ▪ 分科數甲／計算量大、考斜橢圓「好生疏」 考生：很多人寫不完 ▪ 分科生物／COVID-19、猴痘時事入題 考生提早交卷：簡單 ▪ 分科歷史／中國史比重多、考白色恐怖 考生：有刷考古題能拿分 ▪ 分科公民／NCC換照、ME TOO都入題 考生作答想好久直呼「好難」 ▪ 白飯之亂 北科大挨轟「教育失敗」遭洗版剩1.5顆星 ▪ 專題／學習歷程，別鬧了！首屆108課綱生心路大公開 投票率公投大潭藻礁😲 韓國人到底為什麼要這樣！10個韓國人的不可思議,https://udn.com/news/story/6904/6127170
Udn,公投綁大選,2021年鳴人堂編輯室年度回顧及編輯群甘苦談,鳴人堂,2021-12-30 15:51:08,Content not found,https://opinion.udn.com/opinion/story/121057/5996696
Udn,公投綁大選,王鼎棫／選舉激情過後——公民投票的健檢時刻（上）,鳴人堂,2021-12-27 10:15:23,Content not found,https://opinion.udn.com/opinion/story/10043/5990257
Udn,公投綁大選,公投過後，台灣環境運動下一步（上）：政治現狀與公投制度,鳴人堂,2021-12-23 11:48:48,Content not found,https://opinion.udn.com/opinion/story/7854/5982142
Udn,公投綁大選,模擬公投 國中生的視角「2好2壞」跨越藍綠,文教,2021-12-21 08:21:14,4項公投甫落幕，苗栗縣公館國中模擬公投昨天開票，投票率6成多，結果在重啟核四、公投綁大選案，不同意票占多數，反萊豬進口、珍愛藻礁案，同意票占多數，校長方麗萍認為「2好2壞」跨越藍綠，學生都上了公民素養的一課。公館國中的模擬公投，723名學生分批於12月16日、17日投票，校方為避免困擾，特別選在公投結束後昨天開票，結果與全國公投4項都不同意，或是苗栗縣公投4項都同意都不一樣，國中生的視角與大人公投的「距離」，也引發師生討論。其中，重啟核四公投案，投票率66.11%，同意占43.1%，不同意55.86%，無效票3張；反萊豬進口公投案，投票率67.08%，同意占59.38%，不同意40.41%，無效票1張；公投綁大選公投案，投票率66.94%，同意占49.38%，不同意50.21%，無效票2張；珍愛藻礁公投案，投票率65.98%，同意占62.05%，不同意37.32%，無效票3張。館中指出，8年級社會領域公民科第6章「政治參與」，提及公投相關內容，國中教育會考也可能會考，但對於國中生卻是段遙遠的距離，趁著公投熱度，讓時事議題融入校園生活中，辦理模擬公投。館中教務主任劉傳鐘說，公投前校方張貼4案正反意見表，並集合學生宣導，培養學生「先思考，再決定」的公民素養，同時提醒找資料驗證，不能只被師長、他人或媒體的意見左右影響。此外，尊重學生的意願，也可以選擇不投票，選票單特別設計理由欄，除同意或不同意外，還可以寫下對於不同議題的看法，選票成了學習單，校方鼓勵這些學生，還會辦理抽獎活動，送出籃球等獎品。9年級學生韋雅閑表示，模擬公投體驗到投票流程，了解最近新聞的議題，知道4大公投議題可能對生活會造成的影響，讓她有更多元的觀點，與練習公民應具備的能力和態度。苗栗縣公館國中模擬公投昨天開票，結果「2好2壞」。圖／公館國中提供【文教熱話題】 ▪ 青少年的網路世界：「數位原生世代」問卷填答 快來分享你的看法！ ▪ 整理包／112年升大學分科測驗 7科完整試題與解答 ▪ 分科測驗／紅利不再！補教估台大醫284級分 缺額校系可這樣選填 ▪ 分科化學／考生嘆不易！非選題計算多 高中師指「這1題」有爭議 ▪ 分科數甲／計算量大、考斜橢圓「好生疏」 考生：很多人寫不完 ▪ 分科生物／COVID-19、猴痘時事入題 考生提早交卷：簡單 ▪ 分科歷史／中國史比重多、考白色恐怖 考生：有刷考古題能拿分 ▪ 分科公民／NCC換照、ME TOO都入題 考生作答想好久直呼「好難」 ▪ 白飯之亂 北科大挨轟「教育失敗」遭洗版剩1.5顆星 ▪ 專題／學習歷程，別鬧了！首屆108課綱生心路大公開 公投投票率國中教育會考😲 韓國人到底為什麼要這樣！10個韓國人的不可思議,https://udn.com/news/story/6885/5976609
Udn,公投綁大選,4大公投圖解分析／12縣市「4個同意票」佔多數 這縣市投票率最高,要聞,2021-12-20 15:54:07,Content not found,https://udn.com/news/story/121461/5975261
Udn,公投綁大選,四大公投結果／國民黨反撲公投一場夢，民進黨未來兩年執政警訊？,鳴人堂,2021-12-18 22:10:30,Content not found,https://opinion.udn.com/opinion/story/10763/5971815
Udn,公投綁大選,懶人包／公投投票前必讀！必帶基本三物 時間到下午4點,要聞,2021-12-16 15:28:19,Content not found,https://udn.com/news/story/121461/5966600
Udn,公投綁大選,板橋中山國中推媒體識讀 帶孩子關注公投議題,文教,2021-12-15 21:44:08,公投年齡已下修至18歲，雖與國中生仍有一段距離，但新北市板橋中山國中希望引導學生關心公民投票的議題，制定了七年級校訂課程「品閱心視野-媒體識讀」，盼學生學習「民主思辨」，並透過課程關心公共事務，學習尊重與包容多元觀點。社群教師柯俐如藉由學校班級訂購每日的中央餐廚為例：「當大家都在表示要訂哪家便當，而你什麼意見都不說，直到便當送來時，又嫌棄便當很難吃」，讓孩子思考公民意見其實從生活小事到大事，每天都在發生，人們需要學習與練習適切的表達意見與立場。柯俐如表示，「四大公投議題感覺與我們很遠，仔細思考，萊豬與我們的食物有關、核四及藻礁與我們使用的能源及生活的環境有關、公投綁大選則攸關如何促進公民參與。」，盼讓孩子理解關注公共事務的重要性。中山國中指出，在教師共備歷程中，教務主任彭怡婷(特教領域)、陳潔亭老師(國文領域)及陳珈亦老師(社會領域)透過不同專業觀點在議題討論中，設計沒有標準答案的問題，提供新聞報導、專題採訪、學術資訊等媒材，促發學生萌生想法且不追求絕對正確的標準答案。一次又一次的議題認識，協助學生更了解不同立場的人、事、物。多一份理解，就能給自己多一分深度思考與學習，及與不同意見共存的機會。中山國中校長陳君武表示，108課綱最是重視素養導向的教學，並強調與生活連結，而媒體識讀課程需要師長及孩子在學習時，關注生活周遭的「現在進行式」。盼藉此引導孩子思考公共議題，讓孩子的未來更美好。唯有透過實際的關心、了解、思辨、參與，才能成為有高度視野與寬廣胸懷的公民。【文教熱話題】 ▪ 青少年的網路世界：「數位原生世代」問卷填答 快來分享你的看法！ ▪ 整理包／112年升大學分科測驗 7科完整試題與解答 ▪ 分科測驗／紅利不再！補教估台大醫284級分 缺額校系可這樣選填 ▪ 分科化學／考生嘆不易！非選題計算多 高中師指「這1題」有爭議 ▪ 分科數甲／計算量大、考斜橢圓「好生疏」 考生：很多人寫不完 ▪ 分科生物／COVID-19、猴痘時事入題 考生提早交卷：簡單 ▪ 分科歷史／中國史比重多、考白色恐怖 考生：有刷考古題能拿分 ▪ 分科公民／NCC換照、ME TOO都入題 考生作答想好久直呼「好難」 ▪ 白飯之亂 北科大挨轟「教育失敗」遭洗版剩1.5顆星 ▪ 專題／學習歷程，別鬧了！首屆108課綱生心路大公開 便當公投新北108課綱😰 消毒耳機用紫外線燈「會壞嗎」？內行人2清潔招數不讓人生那麼累,https://udn.com/news/story/6898/5964739
Udn,公投綁大選,陳信仲／一個嘗試性的思考——跳脫黨派立場的公投抉擇可能嗎？,鳴人堂,2021-12-15 09:22:54,Content not found,https://opinion.udn.com/opinion/story/10124/5962638
Udn,公投綁大選,何冠霆／公投綁大選問題在哪裡：造成人民誤會，加劇政治惡鬥？,鳴人堂,2021-12-15 08:53:39,Content not found,https://opinion.udn.com/opinion/story/10124/5961377
Udn,公投綁大選,中天「反萊豬大辯論」 羅智強何志偉精彩過招,噓！星聞,2021-12-02 16:09:03,4項公投案18日就要進行投票，各界針對各項議題展開激烈論戰。中天新聞自上個月20號開始，於每週六下午2時進行「公投大辯論 民意大平台」直播，分別邀請同意、不同意方面對面進行辯論，讓民眾能更了解雙方論點，也清楚議題內容與投票意願。   本週六則是「反萊豬大辯論」，由中天主播李珮瑄主持，正方代表邀請到國民黨副祕書長同時也是台北市議員的羅智強，及醫師蘇偉碩，反方代表有立委何志偉、小兒科診所醫師林應然。     這場名單可看性十足，因為上個月羅智強才到立法院向民進黨立委何志偉送上辯論邀請函，當時何志偉親自迎接並接下戰帖，另外還準備三色豆鐵板麵回請羅智強，還強調自己「不閃躲，會正面迎戰！」，如今兩人都受中天新聞邀約，本週六羅何兩方磨刀霍霍，針對「萊豬議題」將上演精采過招。   「公投大辯論 民意大平台」12月4日下午2點在中天新聞YouTube頻道全程直播，藉由雙方反覆論述、交換意見，讓觀眾更了解公投綁大選背後意義與影響。   更多新聞報導遭日本海關扣留9小時挨轟「丟臉到國外」Lulu回應了《木曜4》集體離職 前員工揭導火線疑是「6月美國行」港姐亞軍遭爆「父母捲款逃香港」 暴哭吐心境恭喜！明道喜獲千金 曝溫馨父女相擁甜睡照「山道猴子」是親身經歷？作者不忍全說了 主播,https://stars.udn.com/star/story/10091/5933081
Udn,公投綁大選,中選會前主委：公投雖可治病 卻不能常用,陽光行動,2021-11-29 14:51:12,Content not found,https://sdgs.udn.com/sdgs/story/12146/5924698
Udn,公投綁大選,【專家之眼】蔡公投呼叫蔡賴皮：還我公投,評論,2021-11-08 08:30:06,蔡英文總統四日表示，既要落實「非核家園」，則「重啟核四」就不是政策選項。此外，她並用「美豬」這個名詞代替「萊豬」，意圖魚目混珠，將反對含高萊劑「美豬」的政黨、民團與人民，一律打為「反美」份子。蔡英文的談話充分顯示，提出「四個不同意」的她，對十二月十八日「四大公投」的結果，並沒有多大把握與信心，才説一些五四三的話，為自己不尊重公投結果預留空間。其實，蔡英文有關「重啟核四不是政策選項」的談話，就彰顯她對公投的認知，不是非常膚淺，就是故意裝傻，完全對不起一生推動公投不遺餘力、有「蔡公投」之稱的已故民進黨立委蔡同榮。蔡同榮深信公投可補代議民主政治之不足。遂窮一生之力推動公投，而贏得「蔡公投」的尊稱。公投的目的既然是補強國會的功能，只要是依法提出並跨過門槛的公投議題，自然就是「政策選項」之一，由公民投票決定是否通過，而不是領導人說了算。即使公投議題通過，也不是法律，只是立法原則。一位有擔當的國家領導人必須根據公投結果，負責推動立法，所以透過公民投票通過的公投議題，又被稱之為「太上法」，領導人若是拒絕推動立法，即使是「太上法」也「徒法不足以自行」。由於我國的公投法對無意推動公投結果的國家領導人，並沒有任何罰則，因此在法律上是沒有任何責任的，但卻會被人民貼上「不尊重公投結果領導人」的標籤，而且一輩子洗刷不掉。在不尊重公投結果方面，蔡英文可是有前科的。2018年，「挺核公投」與「反同婚公投」都過關，但蔡英文就是置之不理，繼續推動「非核家園」與挺同性戀結婚的政策，她也因此被很多人認為是「耍無賴」。蔡英文不僅會在「重啟核四公投」賴皮，恐怕也會在「反萊豬公投」、「反興建三接公投」等公投議題上耍無賴。在「反萊豬公投」上，蔡英文與行政院長蘇貞昌明顯欺騙人民。蘇貞昌一再在立法院騙稱不開放萊豬，怎麼進《全面進步跨太平洋夥伴協議》（CPTPP），已被有骨氣的外交部官員公開打臉。蔡英文更是蓄意將「萊豬」説成「美豬」，為「反萊豬」的反對黨、民團與人民扣上「反美」的大帽子。「公投綁大選」曾是民進黨的重要主張。陳水扁總統還利用「公投綁大選」與「子彈門事件」讓自己連任。但蔡英文執政後，擔心在野黨如法泡製，遂千方百計加以反對，完全沒有民主風度，也可算是另一種「耍無賴」或「賴皮」。蔡英文一生善於造假作偽，早已沒有任何誠信可言。但是，她如此不尊重公投結果，卻充分顯示她對黨內先進同志蔡同榮的不尊重。蔡公投地下有知，恐怕也會跳出來呼叫蔡英文：「還我公投」！ 公投蔡英文萊豬😮 行動電源充電時爆炸！台電提「3不3要」充電守則 照著做就安心,https://udn.com/news/story/121823/5873951
Udn,公投綁大選,整理包／決戰12/18！ 一圖秒懂四大公投案主張及提案重點,要聞,2021-10-27 16:54:59,受到新冠肺炎疫情影響，原訂於8月28日舉辦的「重啟核四」、「反萊豬進口」、「公投綁大選」、「珍愛藻礁」等四項公投案，因而延至12月18日舉辦投票。《聯合新聞網》整理四大公投案主張及提案重點，讓您一次看懂公投內容。▌重啟核四主　文／「您是否同意核四啟封商轉發電？」提案人／擁核能流言終結者創辦人黃士修領銜理　由／2018年「以核養綠」公投通過，全國絕對多數民意否決政府的非核家園政策，蔡政府仍一意孤行，擁核團體發起重啟核四公投。行政院長蘇貞昌以核廢料無法處理、核四重啟須耗時6至7年為由，封殺核電，實為誤導民眾。黃士修指出，使用過的核燃料97%仍是可利用的能源，而且美國曾表達有意移轉核廢處理技術，並非「不能被處理」；另依前核四廠長王伯輝投書內容，核四重啟應可在2至3年內達成商轉。反核人士宣稱，核四有活動斷層，違反美國NRC法規。然而，根據中央地質調查所《核能電廠的區域地質概況》，核四地質區未發現活動斷層，廠址周遭的澳底斷層、貢寮斷層、枋腳斷層與屈尺斷層等，80萬年以來，已不屬於活動斷層；美國NRC前官員也曾於2018年來台澄清，反核團體所謂的「廠房S斷層」問題，並非事實。政府開放萊豬進口遭質疑黑箱作業，國民黨領銜提案反萊豬公投。聯合報系資料照▌反萊豬進口主　文／「你是否同意政府應全面禁止進口含有瘦肉精（萊克多巴胺等乙型受體素）豬隻之肉品、內臟及其相關產製品？」提案人／國民黨立委林為洲領銜理　由／政府宣布自2021年元旦開放含萊克多巴胺的美國豬肉進口，決策過程不夠公開透明，形同黑箱，透過「行政命令」方式刻意迴避立法院監督。豬肉為國人最主要肉品來源，食用範圍包含豬隻內臟，國際組織《CODEX》雖訂有萊克多巴胺的殘留標準，但受試者僅6人，且未針對孩童、老人、心血管疾病患者等高風險族群測試，標準未必適用於國人。並且，根據研究指出，人體攝食過量的萊克多巴胺會造成心悸、嘔吐、頭暈、血壓升高等不適症狀，萊劑經加熱後也不易被破壞，長期攝食是否危害健康仍存爭議。2018年的九合一大選合併10項公投案。聯合報系資料照▌公投綁大選主　文／「你是否同意公民投票案公告成立後一個月起至六個月內，若該期間內有全國性選舉時，公民投票應與該選舉同日舉行？」提案人／國民黨立委江啟臣領銜理　由／現行法「專設公投日」會降低投票率，過低的投票率，即便公投勉強過關，結果亦缺乏代表性，不符民主正當性；另在行政成本方面，以2018年與九合一大選合併辦理為例，若單獨辦理公投，成本差距將暴增六倍，對人民、政府、公民團體而言是三輸的狀況。「公投綁大選」原本就是民進黨的重要主張，但在2018年公投大敗後，挾執政優勢於2019年6月修正通過《公民投票法》，規定每2年才能舉辦一次公投，並錯開選舉年，此舉將降低公投的投票率，讓公投難以通過。是故，在此訴求依民進黨2017年提出的《公民投票法》修正案，復原《公投法》第23條，要求公投「應」綁大選，提醒民進黨「莫忘初衷」。圖為大潭藻礁與施工中的中油天然氣第三接收站。圖／資料照片▌珍愛藻礁主　文／「您是否同意中油第三天然氣接收站遷離桃園大潭藻礁海岸及海域？」提案人／潘忠政領銜理　由／桃園藻礁是全球最獨特的大型淺海現生藻礁地景及生態系，其中歷經至少7000年才形成的大潭礁尤為珍貴，在大潭藻礁發現的24種造礁藻類，其中有19種是世界新種，且藻礁具固碳功能，可減緩地方暖化，更顯其珍稀度。中油公司於2017年計畫在大潭藻礁建蓋第三天然氣接收站（簡稱三接）的工業港，建蓋範圍將覆蓋大潭藻礁約230公頃的藻礁面積，直接衝擊大潭藻礁生態發展；又因突堤效應，也將連帶影響到鄰近的白玉藻礁和觀新藻礁，造成泥沙淤積。環團認為三接將永久破壞生態，因而基於藻礁保育、能源轉型、氣候變遷、文化保存、公共安全、國防安全、國際形象、法治落實、深化民主等九大理由，訴求全民公投搶救藻礁。公投要如何才算通過？根據公投法第29條規定，只需有效同意票達投票權人總額四分之一，且有效同意票超過不同意票，就算公投通過。以2018年的公投綁大選為例，據中選會估算，總投票人數約1980萬，代表有效同意票要達到495萬票以上，才算通過。公投通過後會發生什麼事？據公投法第30條規定，一旦公投過關，有關法律、自治條例的複決案，原法律或自治條例在公告之日算至第3日起，就會失效；有關法律、自治條例立法原則的創制案，行政院、直轄市、縣（市）政府應於三個月內研擬相關法律，並送立法院、議會審議，應於下一會期休會前完成審議。另外，如果是有關重大政策的公投，應由總統或權責機關為實現該公投案內容做出「必要處置」。政府可以不履行公投結果嗎？政府如果沒有履行公投結果，並沒有罰則，但不論是否履行，民主社會政治人物仍應向民意負責，民意也會在下次選舉反映在選票上。年底12月4項公投齊登場，行政院長蘇貞昌之前曾表示，公投案如果通過，當然要尊重公投結果。至於有沒有人要負政治責任？蘇貞昌回應，「公投的結果對政治人物的政治衝擊會有」，但過去公投案很多，這次也很多，不是公投案有過、沒過，就追究政治責任。公投重要日程記起來‧ 7月2日 發布改定投票日期公告‧ 8月8日 投票權人名冊編造完成‧ 11月8日 公告投票所設置地點‧ 11月13日至12月11日 辦理公民投票案意見發表會或辯論會‧ 12月14日前 公告投票權人人數‧ 12月18日 投票、開票‧ 12月24日前 審定公民投票結果‧ 12月24日 公告公民投票結果【文教熱話題】 ▪ 青少年的網路世界：「數位原生世代」問卷填答 快來分享你的看法！ ▪ 整理包／112年升大學分科測驗 7科完整試題與解答 ▪ 分科測驗／紅利不再！補教估台大醫284級分 缺額校系可這樣選填 ▪ 分科化學／考生嘆不易！非選題計算多 高中師指「這1題」有爭議 ▪ 分科數甲／計算量大、考斜橢圓「好生疏」 考生：很多人寫不完 ▪ 分科生物／COVID-19、猴痘時事入題 考生提早交卷：簡單 ▪ 分科歷史／中國史比重多、考白色恐怖 考生：有刷考古題能拿分 ▪ 分科公民／NCC換照、ME TOO都入題 考生作答想好久直呼「好難」 ▪ 白飯之亂 北科大挨轟「教育失敗」遭洗版剩1.5顆星 ▪ 專題／學習歷程，別鬧了！首屆108課綱生心路大公開 公投萊豬核四藻礁😬 春哥侃陸／小道消息炸開 人民幣續貶「返8」 為何讓內行人心驚肉跳？,https://udn.com/news/story/121461/5847494
Udn,公投綁大選,圖表看時事／1218四大公投決戰 一圖秒懂公投主張及提案重點,文教,2021-10-27 16:47:41,受到新冠肺炎疫情影響，原訂於8月28日舉辦的「重啟核四」、「反萊豬進口」、「公投綁大選」、「珍愛藻礁」等四項公投案，因而延至12月18日舉辦投票。《聯合新聞網》整理四大公投案主張及提案重點，讓您一次看懂公投內容。▌重啟核四主　文／「您是否同意核四啟封商轉發電？」提案人／擁核能流言終結者創辦人黃士修領銜理　由／2018年「以核養綠」公投通過，全國絕對多數民意否決政府的非核家園政策，蔡政府仍一意孤行，擁核團體發起重啟核四公投。行政院長蘇貞昌以核廢料無法處理、核四重啟須耗時6至7年為由，封殺核電，實為誤導民眾。黃士修指出，使用過的核燃料97%仍是可利用的能源，而且美國曾表達有意移轉核廢處理技術，並非「不能被處理」；另依前核四廠長王伯輝投書內容，核四重啟應可在2至3年內達成商轉。反核人士宣稱，核四有活動斷層，違反美國NRC法規。然而，根據中央地質調查所《核能電廠的區域地質概況》，核四地質區未發現活動斷層，廠址周遭的澳底斷層、貢寮斷層、枋腳斷層與屈尺斷層等，80萬年以來，已不屬於活動斷層；美國NRC前官員也曾於2018年來台澄清，反核團體所謂的「廠房S斷層」問題，並非事實。政府開放萊豬進口遭質疑黑箱作業，國民黨領銜提案反萊豬公投。聯合報系資料照▌反萊豬進口主　文／「你是否同意政府應全面禁止進口含有瘦肉精（萊克多巴胺等乙型受體素）豬隻之肉品、內臟及其相關產製品？」提案人／國民黨立委林為洲領銜理　由／政府宣布自2021年元旦開放含萊克多巴胺的美國豬肉進口，決策過程不夠公開透明，形同黑箱，透過「行政命令」方式刻意迴避立法院監督。豬肉為國人最主要肉品來源，食用範圍包含豬隻內臟，國際組織《CODEX》雖訂有萊克多巴胺的殘留標準，但受試者僅6人，且未針對孩童、老人、心血管疾病患者等高風險族群測試，標準未必適用於國人。並且，根據研究指出，人體攝食過量的萊克多巴胺會造成心悸、嘔吐、頭暈、血壓升高等不適症狀，萊劑經加熱後也不易被破壞，長期攝食是否危害健康仍存爭議。2018年的九合一大選合併10項公投案。聯合報系資料照▌公投綁大選主　文／「你是否同意公民投票案公告成立後一個月起至六個月內，若該期間內有全國性選舉時，公民投票應與該選舉同日舉行？」提案人／國民黨立委江啟臣領銜理　由／現行法「專設公投日」會降低投票率，過低的投票率，即便公投勉強過關，結果亦缺乏代表性，不符民主正當性；另在行政成本方面，以2018年與九合一大選合併辦理為例，若單獨辦理公投，成本差距將暴增六倍，對人民、政府、公民團體而言是三輸的狀況。「公投綁大選」原本就是民進黨的重要主張，但在2018年公投大敗後，挾執政優勢於2019年6月修正通過《公民投票法》，規定每2年才能舉辦一次公投，並錯開選舉年，此舉將降低公投的投票率，讓公投難以通過。是故，在此訴求依民進黨2017年提出的《公民投票法》修正案，復原《公投法》第23條，要求公投「應」綁大選，提醒民進黨「莫忘初衷」。圖為大潭藻礁與施工中的中油天然氣第三接收站。圖／資料照片▌珍愛藻礁主　文／「您是否同意中油第三天然氣接收站遷離桃園大潭藻礁海岸及海域？」提案人／潘忠政領銜理　由／桃園藻礁是全球最獨特的大型淺海現生藻礁地景及生態系，其中歷經至少7000年才形成的大潭礁尤為珍貴，在大潭藻礁發現的24種造礁藻類，其中有19種是世界新種，且藻礁具固碳功能，可減緩地方暖化，更顯其珍稀度。中油公司於2017年計畫在大潭藻礁建蓋第三天然氣接收站（簡稱三接）的工業港，建蓋範圍將覆蓋大潭藻礁約230公頃的藻礁面積，直接衝擊大潭藻礁生態發展；又因突堤效應，也將連帶影響到鄰近的白玉藻礁和觀新藻礁，造成泥沙淤積。環團認為三接將永久破壞生態，因而基於藻礁保育、能源轉型、氣候變遷、文化保存、公共安全、國防安全、國際形象、法治落實、深化民主等九大理由，訴求全民公投搶救藻礁。公投要如何才算通過？根據公投法第29條規定，只需有效同意票達投票權人總額四分之一，且有效同意票超過不同意票，就算公投通過。以2018年的公投綁大選為例，據中選會估算，總投票人數約1980萬，代表有效同意票要達到495萬票以上，才算通過。公投通過後會發生什麼事？據公投法第30條規定，一旦公投過關，有關法律、自治條例的複決案，原法律或自治條例在公告之日算至第3日起，就會失效；有關法律、自治條例立法原則的創制案，行政院、直轄市、縣（市）政府應於三個月內研擬相關法律，並送立法院、議會審議，應於下一會期休會前完成審議。另外，如果是有關重大政策的公投，應由總統或權責機關為實現該公投案內容做出「必要處置」。政府可以不履行公投結果嗎？政府如果沒有履行公投結果，並沒有罰則，但不論是否履行，民主社會政治人物仍應向民意負責，民意也會在下次選舉反映在選票上。年底12月4項公投齊登場，行政院長蘇貞昌之前曾表示，公投案如果通過，當然要尊重公投結果。至於有沒有人要負政治責任？蘇貞昌回應，「公投的結果對政治人物的政治衝擊會有」，但過去公投案很多，這次也很多，不是公投案有過、沒過，就追究政治責任。公投重要日程記起來‧ 7月2日 發布改定投票日期公告‧ 8月8日 投票權人名冊編造完成‧ 11月8日 公告投票所設置地點‧ 11月13日至12月11日 辦理公民投票案意見發表會或辯論會‧ 12月14日前 公告投票權人人數‧ 12月18日 投票、開票‧ 12月24日前 審定公民投票結果‧ 12月24日 公告公民投票結果【文教熱話題】 ▪ 青少年的網路世界：「數位原生世代」問卷填答 快來分享你的看法！ ▪ 整理包／112年升大學分科測驗 7科完整試題與解答 ▪ 分科測驗／紅利不再！補教估台大醫284級分 缺額校系可這樣選填 ▪ 分科化學／考生嘆不易！非選題計算多 高中師指「這1題」有爭議 ▪ 分科數甲／計算量大、考斜橢圓「好生疏」 考生：很多人寫不完 ▪ 分科生物／COVID-19、猴痘時事入題 考生提早交卷：簡單 ▪ 分科歷史／中國史比重多、考白色恐怖 考生：有刷考古題能拿分 ▪ 分科公民／NCC換照、ME TOO都入題 考生作答想好久直呼「好難」 ▪ 白飯之亂 北科大挨轟「教育失敗」遭洗版剩1.5顆星 ▪ 專題／學習歷程，別鬧了！首屆108課綱生心路大公開 公投萊豬核四藻礁😲 韓國人到底為什麼要這樣！10個韓國人的不可思議,https://udn.com/news/story/6904/5846838
Udn,公投綁大選,修囤房稅 政院動了,房地產,2021-03-09 05:13:50,為遏止炒房，在野黨力推「囤房稅」，行政院研擬提對應修法版本。由於立院在野黨團均已提出攸關囤房稅的「房屋稅」修正草案，民進黨團成員昨與政院溝通時，力促財政部提出對案。據透露，財政部初步研擬，持有戶數逾六戶以上，將以每戶均百分之四課稅；三至五戶是每戶均百分之三；一至二戶則是每戶均百分之二。而單一自住稅率則維持百分之一點二。  政院房市小組與綠委溝通   至於非住家用房屋部分，私人醫院、診所或自由職業事務所等，維持百分之三至五稅率；供人民團體等非營業使用的房屋，稅率由現行百分之一點五到二點五，提高至百分之一點五到三。但行政院發言人羅秉成表示，財政部仍在評估規畫，有定案會完整說明。   行政院房市健全政策小組昨天與民進黨立院黨團溝通，說明「房地合一稅」修法，以及「囤房稅」評估。羅秉成表示，目前已知房地合一稅是大家比較有共識的；且政院要強調的是，僅針對炒房行為遏止，正常買賣行為仍會尊重市場交易機制。  修法複雜短時間內難拍板   行政院昨未鬆口是否提出政院版囤房稅或「健全房屋稅」相關修法草案，也表示尚未確定是否排入本周院會議程。但民進黨立院黨團幹事長劉世芳證實，黨團成員昨天下午確與財政部、內政部等行政部門會面，討論囤房稅的修法方向，只是目前還沒有固定的修法版本。她指出，修法內容相當複雜，涉及具體數字，不可能在短時間內拍板。  短期持有定義設為五年內   與會的民進黨立委表示，無論是「房地合一稅」，還是「房屋稅條例」，修法都非常複雜，要做到面面俱到，並不容易，現場開會只是提出一個方向，確定行政院有意要推動修法。   據透露，行政部門「房地合一稅」修法方向，傾向較嚴格方案，將短期持有定義設為「五年內」，並於百分之四十五、百分之三十五較重稅率部分，讓營利事業與個人適用相同稅率，杜絕自然人藉由差別稅率，改由設立營利事業短期買賣房地，規避高額稅負。   針對「囤房稅」修法，行政院原主張不急著提出，但評估在野黨均有提「房屋稅條例」修正草案，若行政院不提版本，在委員會討論時恐陷於被動，黨團立委建議財政部盡速研提「囤房稅」草案。加上考量八月廿八日恐面臨藻礁、萊豬、公投綁大選等公投案挑戰，據指出，行政院採納立委建議，政策轉彎，決定先主動清理「囤房稅」戰場，將「囤房稅」定義為「健全房屋稅」。   鄉林建設董事長、全國商總主席賴正鎰表示，若政府真的實施，房市一定會像五年前一樣，又冷掉了，執政黨也一定會被換掉。他建議房地合一稅應取消。   55Playback speed1x NormalBack0.25x0.5x1x Normal1.5x2x00:00/03:25SkipAds by,https://house.udn.com/house/story/123589/5304139
Udn,公投綁大選,沈有忠／從乏人問津變成藍綠對決？藻礁公投引起的政治效應,鳴人堂,2021-03-08 16:41:07,Content not found,https://opinion.udn.com/opinion/story/12705/5303061
Udn,公投綁大選,真．人民的法槌？墨西哥總統發起「審判『前總統們』」全民公投,轉角國際 udn Global,2020-09-17 11:13:41,Content not found,https://global.udn.com/global_vision/story/8662/4864926
Udn,公投綁大選,高雄市長補選對柯文哲和台灣民眾黨的意義：台灣沒有「親中政黨」生存餘地,U值媒體,2020-08-18 10:39:31,Content not found,https://udn.com/umedia/story/12755/4789998
Udn,公投綁大選,那年總統大選投票率比今年高！這2人夾擊 讓國民黨吞首敗,時事話題,2020-01-13 08:00:00,Content not found,https://theme.udn.com/theme/story/6773/4284164
Udn,公投綁大選,投票之亂別再來！新選舉假誕生...為何兩年才放一次？,時事話題,2019-09-22 08:00:00,Content not found,https://theme.udn.com/theme/story/6773/4060929
Udn,公投綁大選,政黨輪替的歷史法則,U值媒體,2019-08-20 10:27:07,Content not found,https://udn.com/umedia/story/12755/3998799
Udn,公投綁大選,王宏恩／公投綁大選：要增設多少投票所，才能準時投完票？,鳴人堂,2019-07-02 14:03:02,Content not found,https://opinion.udn.com/opinion/story/12705/3905071
Udn,公投綁大選,公投法修法：公投不綁大選，就是民主送終嗎？,鳴人堂,2019-06-21 11:04:08,Content not found,https://opinion.udn.com/opinion/story/7498/3884590
Udn,公投綁大選,局部選舉判無效有前例！ 當年兩黨喬一喬就換人 連重選都免了,時事話題,2019-05-11 08:00:00,Content not found,https://theme.udn.com/theme/story/6773/3806260
Udn,公投綁大選,林佳和／公投法補破網：直接民主不是強勢者優雅的欺凌工具,鳴人堂,2019-04-29 12:11:19,Content not found,https://opinion.udn.com/opinion/story/12705/3783113
Udn,公投綁大選,「馬哈利卡」取代菲律賓？杜特蒂改國名的野心,轉角國際 udn Global,2019-04-15 17:17:13,Content not found,https://global.udn.com/global_vision/story/8663/3756154
Udn,公投綁大選,中選會主委爭議多！當年他主導投票 嗆藍營18縣市首長,時事話題,2019-02-26 08:00:00,Content not found,https://theme.udn.com/theme/story/6773/3665030
Udn,公投綁大選,民進黨現在誰的聲量大？ 他一怒...連蔡總統都噤聲,時事話題,2018-12-21 08:00:00,Content not found,https://theme.udn.com/theme/story/6773/3549158
Udn,公投綁大選,民進黨為何大敗？柯綠戰爆、韓流引爆、選務爛爆,鳴人堂,2018-11-25 03:18:23,Content not found,https://opinion.udn.com/opinion/story/6807/3500746
Udn,公投綁大選,瑜邁辯論轟動政壇 鋒芒勝當年馬扁兩度交鋒？,時事話題,2018-11-21 08:00:00,Content not found,https://theme.udn.com/theme/story/6773/3492285
Udn,公投綁大選,對話，從動之以情開始——挺同與反同的公投話術（上）,鳴人堂,2018-10-22 11:31:43,Content not found,https://opinion.udn.com/opinion/story/8703/3435402
Udn,公投綁大選,為何蔡英文愛張忠謀？上回張挑大樑....正是扁最慘時刻,時事話題,2018-10-04 08:00:00,Content not found,https://theme.udn.com/theme/story/6773/3402032
Udn,公投綁大選,打侯、拔管、反藍、辦馬… 蔡政府的4隻無影手？,時事話題,2018-09-13 15:04:50,Content not found,https://theme.udn.com/theme/story/6773/3365637
Udn,公投綁大選,選舉綁公投很公平？多少政黨算計...藏在領票眉角裡,時事話題,2018-07-06 08:00:00,Content not found,https://theme.udn.com/theme/story/6773/3237373
Udn,公投綁大選,公投爆炸年！ 選票恐厚如手冊 年底投到手軟,時事話題,2018-03-15 08:00:00,Content not found,https://theme.udn.com/theme/story/6773/3031950
Udn,公投綁大選,在野大和解推公投？ 國民黨跟時力這麼說…,時事話題,2018-01-22 09:00:00,Content not found,https://theme.udn.com/theme/story/6773/2942510
Udn,公投綁大選,有錢人都住在山上？新店是個怎樣的地方？,OOPS! 新鮮事,2017-09-11 13:39:56,Content not found,https://oops.udn.com/oops/story/6698/2694787
